Gene;ko;Pathway;compound_pathway
ahpC;K24119;A_Finnerty_pathway;Alkanes
ahpC;K03386;A_Finnerty_pathway;Alkanes
ahpF;K03387;A_Finnerty_pathway;Alkanes
alkB;K00496;A_Terminal/biterminal_oxidation;Alkanes
alkF_rubA_rdx;K00496;A_Terminal/biterminal_oxidation;Alkanes
alkG_rubA_rdx;K03618;A_Terminal/biterminal_oxidation;Alkanes
alkG_rubA_rdx;K05297;A_Terminal/biterminal_oxidation;Alkanes
alkG_rubA1_rdx;K05297;A_Terminal/biterminal_oxidation;Alkanes
alkG_rubA2_rdx;K05297;A_Terminal/biterminal_oxidation;Alkanes
alkG_rubA3_rdx;K00496;A_Terminal/biterminal_oxidation;Alkanes
alkG_rubA4_rdx;K12264;A_Terminal/biterminal_oxidation;Alkanes
alkH_ald;K00128;A_Auxiliar_alkane_gene;Alkanes
alkH_ald;K00154;A_Auxiliar_alkane_gene;Alkanes
alkH_ald;K22445;A_Auxiliar_alkane_gene;Alkanes
alkJ_adh;K00108;A_Auxiliar_alkane_gene;Alkanes
alkL;K07275;A_Hydrocarbon_uptake;Alkanes
alkMa;K00496;A_Finnerty_pathway;Alkanes
alkMb;K00496;A_Finnerty_pathway;Alkanes
alkN_mcp;K02660;A_Hydrocarbon_uptake;Alkanes
alkN_mcp;K03406;A_Hydrocarbon_uptake;Alkanes
alkN_mcp;K10961;A_Hydrocarbon_uptake;Alkanes
alkS;K21748;A_Auxiliar_alkane_gene;Alkanes
alkS;K03556;A_Auxiliar_alkane_gene;Alkanes
alkT_rubB_rdxR;K12265;A_Terminal/biterminal_oxidation;Alkanes
alkT_rubB_rdxR;K05297;A_Terminal/biterminal_oxidation;Alkanes
alkT_rubB_rdxR;K00529;A_Terminal/biterminal_oxidation;Alkanes
alkT_rubB_rdxR;K00362;A_Terminal/biterminal_oxidation;Alkanes
alkT_rubB_rdxR;K21738;A_Terminal/biterminal_oxidation;Alkanes
almA;K03379;A_Terminal/biterminal_oxidation;Alkanes
almA;K10215;A_Terminal/biterminal_oxidation;Alkanes
blc;K03098;A_Hydrocarbon_uptake;Alkanes
blc;K07071;A_Hydrocarbon_uptake;Alkanes
bmoX;K16157;A_Terminal/biterminal_oxidation;Alkanes
bmoX;K21317;A_Terminal/biterminal_oxidation;Alkanes
bmoY;K21318;A_Terminal/biterminal_oxidation;Alkanes
bmoY;K16158;A_Terminal/biterminal_oxidation;Alkanes
bmoY;K15764;A_Terminal/biterminal_oxidation;Alkanes
bmoZ;K21319;A_Terminal/biterminal_oxidation;Alkanes
BVMO;K18371;A_Subterminal_oxidation;Alkanes
BVMO;K14520;A_Subterminal_oxidation;Alkanes
BVMO;K10215;A_Subterminal_oxidation;Alkanes
BVMO;K03379;A_Subterminal_oxidation;Alkanes
BVMO;K21730;A_Subterminal_oxidation;Alkanes
BVMO;K18091;A_Subterminal_oxidation;Alkanes
CHMO;K03379;A_Terminal/biterminal_oxidation;Alkanes
CYP153;K15981;A_Terminal/biterminal_oxidation;Alkanes
CYP450;K05525;A_Terminal/biterminal_oxidation;Alkanes
CYP450;K21164;A_Terminal/biterminal_oxidation;Alkanes
LadA;K20938;A_Terminal/biterminal_oxidation;Alkanes
mmoB;K16160;A_Terminal/biterminal_oxidation;Alkanes
mmoX;K16157;A_Terminal/biterminal_oxidation;Alkanes
mmoY;K16158;A_Terminal/biterminal_oxidation;Alkanes
mmoY;K15764;A_Terminal/biterminal_oxidation;Alkanes
mmoZ;K16159;A_Terminal/biterminal_oxidation;Alkanes
pmoA1;K10944;A_Terminal/biterminal_oxidation;Alkanes
prmA;K18223;A_Subterminal_oxidation;Alkanes
prmA;K15760;A_Subterminal_oxidation;Alkanes
prmB;K18225;A_Subterminal_oxidation;Alkanes
prmB;K00529;A_Subterminal_oxidation;Alkanes
prmB;K22356;A_Subterminal_oxidation;Alkanes
prmB;K05784;A_Subterminal_oxidation;Alkanes
prmB;K02823;A_Subterminal_oxidation;Alkanes
prmC;K18224;A_Subterminal_oxidation;Alkanes
prmC;K16158;A_Subterminal_oxidation;Alkanes
prmC;K15764;A_Subterminal_oxidation;Alkanes
prmD;K18226;A_Subterminal_oxidation;Alkanes
ssuD;K04091;A_Auxiliar_alkane_gene;Alkanes
ssuD;K20938;A_Auxiliar_alkane_gene;Alkanes
etnE;K00549;B_Ethene_and_chloroethene_degradation;Alkenes
etnE;K22363;B_Ethene_and_chloroethene_degradation;Alkenes
isoA;K16242;B_Isoprene_degradation;Alkenes
isoA;K15760;B_Isoprene_degradation;Alkenes
isoA;K18223;B_Isoprene_degradation;Alkenes
isoB;K22359;B_Isoprene_degradation;Alkenes
isoC;K05710;B_Isoprene_degradation;Alkenes
isoC;K22360;B_Isoprene_degradation;Alkenes
isoC;K15762;B_Isoprene_degradation;Alkenes
isoD;K15763;B_Isoprene_degradation;Alkenes
isoD;K22361;B_Isoprene_degradation;Alkenes
isoD;K06866;B_Isoprene_degradation;Alkenes
isoE;K22358;B_Isoprene_degradation;Alkenes
isoE;K15764;B_Isoprene_degradation;Alkenes
isoF;K02823;B_Isoprene_degradation;Alkenes
isoF;K05784;B_Isoprene_degradation;Alkenes
isoF;K22362;B_Isoprene_degradation;Alkenes
isoF;K15753;B_Isoprene_degradation;Alkenes
isoF;K15765;B_Isoprene_degradation;Alkenes
isoH;K21101;B_Isoprene_degradation;Alkenes
isoI;K21106;B_Isoprene_degradation;Alkenes
isoI;K00799;B_Isoprene_degradation;Alkenes
mpdB;K20927;B_2-methylpropene_degradation;Alkenes
mpdB;K06151;B_2-methylpropene_degradation;Alkenes
mpdC;K00128;B_2-methylpropene_degradation;Alkenes
mpdC;K20928;B_2-methylpropene_degradation;Alkenes
xamoA;K22357;B_Propene_degradation;Alkenes
xamoA;K15760;B_Propene_degradation;Alkenes
xamoB;K22359;B_Propene_degradation;Alkenes
xamoC;K15762;B_Propene_degradation;Alkenes
xamoC;K22360;B_Propene_degradation;Alkenes
xamoC;K05710;B_Propene_degradation;Alkenes
xamoD;K22361;B_Propene_degradation;Alkenes
xamoD;K06866;B_Propene_degradation;Alkenes
xamoD;K15763;B_Propene_degradation;Alkenes
xamoE;K15764;B_Propene_degradation;Alkenes
xamoE;K22358;B_Propene_degradation;Alkenes
xamoF;K22362;B_Propene_degradation;Alkenes
xamoF;K05784;B_Propene_degradation;Alkenes
xamoF;K15753;B_Propene_degradation;Alkenes
xamoF;K00528;B_Propene_degradation;Alkenes
xamoF;K02823;B_Propene_degradation;Alkenes
xamoF;K15765;B_Propene_degradation;Alkenes
xecA;K22363;B_Propene_degradation;Alkenes
xecA;K00549;B_Propene_degradation;Alkenes
xecC;K22364;B_Propene_degradation;Alkenes
xecC;K00382;B_Propene_degradation;Alkenes
xecD;K26078;B_Propene_degradation;Alkenes
xecE1;K21702;B_Propene_degradation;Alkenes
xecE1;K26079;B_Propene_degradation;Alkenes
abmA;K00354;C_Anthranilate_degradation;Aromatics
abmA;K09461;C_Anthranilate_degradation;Aromatics
abmA;K00219;C_Anthranilate_degradation;Aromatics
abmG1;K08295;C_Anthranilate_degradation;Aromatics
abmG2;K08295;C_Anthranilate_degradation;Aromatics
andAa;K18249;C_Anthranilate_degradation;Aromatics
andAa;K00362;C_Anthranilate_degradation;Aromatics
andAb;K00363;C_Anthranilate_degradation;Aromatics
andAb;K05710;C_Anthranilate_degradation;Aromatics
andAb;K18248;C_Anthranilate_degradation;Aromatics
andAc;K16319;C_Anthranilate_degradation;Aromatics
andAd;K16303;C_Anthranilate_degradation;Aromatics
andAd;K16320;C_Anthranilate_degradation;Aromatics
antA;K05549;C_Anthranilate_degradation;Aromatics
antA;K05599;C_Anthranilate_degradation;Aromatics
antA;K22443;C_Anthranilate_degradation;Aromatics
antB;K05600;C_Anthranilate_degradation;Aromatics
antB;K05550;C_Anthranilate_degradation;Aromatics
antC;K11311;C_Anthranilate_degradation;Aromatics
antC;K05784;C_Anthranilate_degradation;Aromatics
antC;K02823;C_Anthranilate_degradation;Aromatics
antC;K00523;C_Anthranilate_degradation;Aromatics
bedA;K18088;C_Benzene_degradation;Aromatics
bedA;K18090;C_Benzene_degradation;Aromatics
bedA;K18359;C_Benzene_degradation;Aromatics
bedA;K00529;C_Benzene_degradation;Aromatics
bedB;K16304;C_Benzene_degradation;Aromatics
bedB;K18087;C_Benzene_degradation;Aromatics
bedB;K18089;C_Benzene_degradation;Aromatics
bedB;K00363;C_Benzene_degradation;Aromatics
bedB;K05710;C_Benzene_degradation;Aromatics
bedB;K14750;C_Benzene_degradation;Aromatics
bedC1;K05708;C_Benzene_degradation;Aromatics
bedC1;K03268;C_Benzene_degradation;Aromatics
bedC1;K08689;C_Benzene_degradation;Aromatics
bedC2;K05709;C_Benzene_degradation;Aromatics
bedC2;K15750;C_Benzene_degradation;Aromatics
bedC2;K16268;C_Benzene_degradation;Aromatics
bedC2;K14580;C_Benzene_degradation;Aromatics
benA;K05599;C_Benzoate_degradation;Aromatics
benA;K05549;C_Benzoate_degradation;Aromatics
benB;K05550;C_Benzoate_degradation;Aromatics
benB;K05600;C_Benzoate_degradation;Aromatics
benC;K01465;C_Benzoate_degradation;Aromatics
benC;K02823;C_Benzoate_degradation;Aromatics
benC;K05784;C_Benzoate_degradation;Aromatics
benC;K08952;C_Benzoate_degradation;Aromatics
benC;K04755;C_Benzoate_degradation;Aromatics
benC;K00523;C_Benzoate_degradation;Aromatics
benC;K08954;C_Benzoate_degradation;Aromatics
benC;K11311;C_Benzoate_degradation;Aromatics
benC;K08953;C_Benzoate_degradation;Aromatics
benC;K16161;C_Benzoate_degradation;Aromatics
benC;K17828;C_Benzoate_degradation;Aromatics
benC;K14581;C_Benzoate_degradation;Aromatics
bphAa;K05708;C_Biphenyl_degradation;Aromatics
bphAa;K08689;C_Biphenyl_degradation;Aromatics
bphAa;K03268;C_Biphenyl_degradation;Aromatics
bphAb;K14580;C_Biphenyl_degradation;Aromatics
bphAb;K15750;C_Biphenyl_degradation;Aromatics
bphAb;K16268;C_Biphenyl_degradation;Aromatics
bphAb;K05709;C_Biphenyl_degradation;Aromatics
bphAc;K00363;C_Biphenyl_degradation;Aromatics
bphAc;K14750;C_Biphenyl_degradation;Aromatics
bphAc;K16304;C_Biphenyl_degradation;Aromatics
bphAc;K18087;C_Biphenyl_degradation;Aromatics
bphAc;K05710;C_Biphenyl_degradation;Aromatics
bphAc;K18089;C_Biphenyl_degradation;Aromatics
bphAd;K00529;C_Biphenyl_degradation;Aromatics
bphAd;K18088;C_Biphenyl_degradation;Aromatics
bphAd;K18359;C_Biphenyl_degradation;Aromatics
bphAd;K18090;C_Biphenyl_degradation;Aromatics
bphB;K08690;C_Biphenyl_degradation;Aromatics
bphB;K16269;C_Biphenyl_degradation;Aromatics
bphC;K16270;C_Biphenyl_degradation;Aromatics
bphC;K00462;C_Biphenyl_degradation;Aromatics
bphD;K10222;C_Biphenyl_degradation;Aromatics
bphD;K00627;C_Biphenyl_degradation;Aromatics
bphD;K05714;C_Biphenyl_degradation;Aromatics
bphD;K16050;C_Biphenyl_degradation;Aromatics
catA;K03381;C_Catechol_degradation;Aromatics
catB;K01856;C_Catechol_degradation;Aromatics
catC;K03464;C_Catechol_degradation;Aromatics
dmpK;K16249;C_Phenol_degradation;Aromatics
dmpL;K16243;C_Phenol_degradation;Aromatics
dmpM;K16244;C_Phenol_degradation;Aromatics
dmpN;K16242;C_Phenol_degradation;Aromatics
dmpO;K16245;C_Phenol_degradation;Aromatics
dmpP;K00351;C_Phenol_degradation;Aromatics
dmpP;K16246;C_Phenol_degradation;Aromatics
doxA;K05710;C_Naphthalene_degradation;Aromatics
doxA;K05710;C_Dibenzothiophene_degradation;Aromatics
doxA;K14578;C_Naphthalene_degradation;Aromatics
doxA;K14578;C_Dibenzothiophene_degradation;Aromatics
doxB;K14579;C_Naphthalene_degradation;Aromatics
doxB;K14579;C_Dibenzothiophene_degradation;Aromatics
doxD;K05709;C_Dibenzothiophene_degradation;Aromatics
doxD;K05709;C_Naphthalene_degradation;Aromatics
doxD;K14580;C_Dibenzothiophene_degradation;Aromatics
doxD;K14580;C_Naphthalene_degradation;Aromatics
doxD;K14749;C_Dibenzothiophene_degradation;Aromatics
doxD;K14749;C_Naphthalene_degradation;Aromatics
doxD;K16268;C_Dibenzothiophene_degradation;Aromatics
doxD;K16268;C_Naphthalene_degradation;Aromatics
doxD;K15750;C_Dibenzothiophene_degradation;Aromatics
doxD;K15750;C_Naphthalene_degradation;Aromatics
doxE;K05711;C_Dibenzothiophene_degradation;Aromatics
doxE;K05711;C_Naphthalene_degradation;Aromatics
doxE;K14582;C_Dibenzothiophene_degradation;Aromatics
doxE;K14582;C_Naphthalene_degradation;Aromatics
doxG;K14583;C_Dibenzothiophene_degradation;Aromatics
doxG;K14583;C_Naphthalene_degradation;Aromatics
doxG;K14751;C_Dibenzothiophene_degradation;Aromatics
doxG;K14751;C_Naphthalene_degradation;Aromatics
dpgC;K22445;C_Toluene_degradation;Aromatics
dpgC;K25072;C_Toluene_degradation;Aromatics
dpgC;K00128;C_Toluene_degradation;Aromatics
dpgC;K00154;C_Toluene_degradation;Aromatics
dszC;K22219;C_Dibenzothiophene_degradation;Aromatics
flnB;K14601;C_Fluorene_degradation;Aromatics
GI:23664434;K04110;C_Benzoate_degradation;Aromatics
hbzE;K00450;C_Gentisate_degradation;Aromatics
hbzF;K16165;C_Gentisate_degradation;Aromatics
hpaB;K00483;C_4-Hydroxyphenylacetate_degradation;Aromatics
hpaC;K09024;C_4-Hydroxyphenylacetate_degradation;Aromatics
hpaC;K00484;C_4-Hydroxyphenylacetate_degradation;Aromatics
hpaH;K16901;C_Anthranilate_degradation;Aromatics
hpaH;K00483;C_Anthranilate_degradation;Aromatics
ligA;K04100;C_Protocatechuate_degradation;Aromatics
ligB;K04099;C_Protocatechuate_degradation;Aromatics
ligB;K04101;C_Protocatechuate_degradation;Aromatics
ligC;K10219;C_Protocatechuate_degradation;Aromatics
mdlD;K00154;C_Toluene_degradation;Aromatics
mdlD;K22445;C_Toluene_degradation;Aromatics
mdlD;K00128;C_Toluene_degradation;Aromatics
nagAa;K02823;C_1-Methylnaphthalene/2-Methylnaphthalene_degradation;Aromatics
nagAa;K04755;C_1-Methylnaphthalene/2-Methylnaphthalene_degradation;Aromatics
nagAa;K00523;C_1-Methylnaphthalene/2-Methylnaphthalene_degradation;Aromatics
nagAa;K00528;C_1-Methylnaphthalene/2-Methylnaphthalene_degradation;Aromatics
nagAa;K08953;C_1-Methylnaphthalene/2-Methylnaphthalene_degradation;Aromatics
nagAa;K08954;C_1-Methylnaphthalene/2-Methylnaphthalene_degradation;Aromatics
nagAa;K14581;C_1-Methylnaphthalene/2-Methylnaphthalene_degradation;Aromatics
nagAa;K08952;C_1-Methylnaphthalene/2-Methylnaphthalene_degradation;Aromatics
nagAb;K14578;C_1-Methylnaphthalene/2-Methylnaphthalene_degradation;Aromatics
nagAb;K05710;C_1-Methylnaphthalene/2-Methylnaphthalene_degradation;Aromatics
nagAb;K00363;C_1-Methylnaphthalene/2-Methylnaphthalene_degradation;Aromatics
nagAc;K14579;C_1-Methylnaphthalene/2-Methylnaphthalene_degradation;Aromatics
nagAc;K14748;C_1-Methylnaphthalene/2-Methylnaphthalene_degradation;Aromatics
nagAd;K14749;C_1-Methylnaphthalene/2-Methylnaphthalene_degradation;Aromatics
nagAd;K14580;C_1-Methylnaphthalene/2-Methylnaphthalene_degradation;Aromatics
nagB;K08690;C_1-Methylnaphthalene/2-Methylnaphthalene_degradation;Aromatics
nagB;K14582;C_1-Methylnaphthalene/2-Methylnaphthalene_degradation;Aromatics
nagG;K18242;C_Salicylate_degradation;Aromatics
nagG;K16319;C_Salicylate_degradation;Aromatics
nagH;K18243;C_2-Methylnaphthalene_degradation;Aromatics
nagH;K18243;C_Salicylate_degradation;Aromatics
nagH;K16303;C_2-Methylnaphthalene_degradation;Aromatics
nagH;K16303;C_Salicylate_degradation;Aromatics
nagH;K16320;C_2-Methylnaphthalene_degradation;Aromatics
nagH;K16320;C_Salicylate_degradation;Aromatics
nagI;K00450;C_Gentisate_degradation;Aromatics
nagK;K16165;C_Gentisate_degradation;Aromatics
nagL;K03599;C_Gentisate_degradation;Aromatics
nagL;K01801;C_Gentisate_degradation;Aromatics
nagL;K01800;C_Gentisate_degradation;Aromatics
nahB;K14582;C_Naphthalene_degradation;Aromatics
nahB;K05711;C_Naphthalene_degradation;Aromatics
nahC;K14583;C_Naphthalene_degradation;Aromatics
nahC;K14751;C_Naphthalene_degradation;Aromatics
nahD;K14584;C_Naphthalene_degradation;Aromatics
nahE;K14585;C_Naphthalene_degradation;Aromatics
nahF;K00152;C_Naphthalene_degradation;Aromatics
nahG;K00480;C_Salicylate_degradation;Aromatics
nahW;K00480;C_Salicylate_degradation;Aromatics
nahW;K14974;C_Salicylate_degradation;Aromatics
nahW;K20940;C_Salicylate_degradation;Aromatics
nahW;K22270;C_Salicylate_degradation;Aromatics
nbaA;K15055;C_2-nitrobenzoate_degradation;Aromatics
ntnC;K00141;C_Toluene_degradation;Aromatics
ntnC;K21802;C_Toluene_degradation;Aromatics
paaA;K02609;C_Phenylacetate_degradation;Aromatics
paaB;K02610;C_Phenylacetate_degradation;Aromatics
paaC;K02611;C_Phenylacetate_degradation;Aromatics
paaD;K02612;C_Phenylacetate_degradation;Aromatics
paaE;K02613;C_Phenylacetate_degradation;Aromatics
paaK;K01912;C_Phenylacetate_degradation;Aromatics
padAa1;K11943;C_Phthalate_degradation;Aromatics
padAa1;K05708;C_Phthalate_degradation;Aromatics
padAa1;K18251;C_Phthalate_degradation;Aromatics
padAb1;K18252;C_Phthalate_degradation;Aromatics
padAc1;K05337;C_Phthalate_degradation;Aromatics
padAc1;K18253;C_Phthalate_degradation;Aromatics
padAd1;K00362;C_Phthalate_degradation;Aromatics
padAd1;K18254;C_Phthalate_degradation;Aromatics
padB2;K18255;C_Phthalate_degradation;Aromatics
padB2;K05711;C_Phthalate_degradation;Aromatics
padC2;K01628;C_Phthalate_degradation;Aromatics
padC2;K18256;C_Phthalate_degradation;Aromatics
pcaB;K01857;C_Protocatechuate_degradation;Aromatics
pcaD;K14727;C_Catechol_degradation;Aromatics
pcaD;K14727;C_Protocatechuate_degradation;Aromatics
pcaD;K19707;C_Catechol_degradation;Aromatics
pcaD;K19707;C_Protocatechuate_degradation;Aromatics
pcaD;K01055;C_Catechol_degradation;Aromatics
pcaD;K01055;C_Protocatechuate_degradation;Aromatics
pcaD;K01259;C_Catechol_degradation;Aromatics
pcaD;K01259;C_Protocatechuate_degradation;Aromatics
pcaF;K00632;C_Catechol_degradation;Aromatics
pcaF;K00632;C_Protocatechuate_degradation;Aromatics
pcaF;K07823;C_Catechol_degradation;Aromatics
pcaF;K07823;C_Protocatechuate_degradation;Aromatics
pcaF;K02615;C_Catechol_degradation;Aromatics
pcaF;K02615;C_Protocatechuate_degradation;Aromatics
pcaG;K00448;C_Protocatechuate_degradation;Aromatics
pcaH;K00449;C_Protocatechuate_degradation;Aromatics
pcaI;K01027;C_Protocatechuate_degradation;Aromatics
pcaI;K01031;C_Protocatechuate_degradation;Aromatics
pcaI;K01028;C_Protocatechuate_degradation;Aromatics
pcaJ;K01032;C_Protocatechuate_degradation;Aromatics
pcaJ;K01032;C_Catechol_degradation;Aromatics
pchA;K00128;C_Toluene_degradation;Aromatics
pchA;K00141;C_Toluene_degradation;Aromatics
pchA;K20199;C_Toluene_degradation;Aromatics
pchA;K21802;C_Toluene_degradation;Aromatics
pchC;K20200;C_Toluene_degradation;Aromatics
pchC;K00406;C_Toluene_degradation;Aromatics
pchF;K00104;C_Toluene_degradation;Aromatics
pchF;K05797;C_Toluene_degradation;Aromatics
phdI;K11948;C_Phenanthrene_degradation;Aromatics
phdI;K00450;C_Phenanthrene_degradation;Aromatics
phdJ;K11949;C_Phenanthrene_degradation;Aromatics
phdK;K00128;C_Phenanthrene_degradation;Aromatics
phdK;K18275;C_Phenanthrene_degradation;Aromatics
pht2;K18069;C_Phthalate_degradation;Aromatics
pht2;K21607;C_Phthalate_degradation;Aromatics
pht2;K21324;C_Phthalate_degradation;Aromatics
pht3;K18068;C_Phthalate_degradation;Aromatics
pht4;K18067;C_Phthalate_degradation;Aromatics
pht5;K04102;C_Phthalate_degradation;Aromatics
pobA;K00481;C_Toluene_degradation;Aromatics
pobA;K05712;C_Toluene_degradation;Aromatics
pqsA;K01895;C_Anthranilate_degradation;Aromatics
pqsA;K18000;C_Anthranilate_degradation;Aromatics
pqsA;K04110;C_Anthranilate_degradation;Aromatics
praA;K15058;C_Protocatechuate_degradation;Aromatics
praA;K00455;C_Protocatechuate_degradation;Aromatics
praA;K15059;C_Protocatechuate_degradation;Aromatics
praB;K00128;C_Protocatechuate_degradation;Aromatics
praB;K00151;C_Protocatechuate_degradation;Aromatics
praB;K10217;C_Protocatechuate_degradation;Aromatics
praC;K01821;C_Protocatechuate_degradation;Aromatics
praD;K01617;C_Protocatechuate_degradation;Aromatics
praH;K03392;C_Protocatechuate_degradation;Aromatics
proA;K10218;C_Protocatechuate_degradation;Aromatics
proD;K10219;C_Protocatechuate_degradation;Aromatics
proH;K03392;C_Protocatechuate_degradation;Aromatics
proH;K14333;C_Protocatechuate_degradation;Aromatics
proH;K10220;C_Protocatechuate_degradation;Aromatics
proL;K10221;C_Protocatechuate_degradation;Aromatics
salA;K00480;C_Salicylate_degradation;Aromatics
sdgA;K20423;C_Salicylate_degradation;Aromatics
sdgA;K21191;C_Salicylate_degradation;Aromatics
sdgB;K09181;C_Salicylate_degradation;Aromatics
sdgC;K09461;C_Salicylate_degradation;Aromatics
sdgC;K21684;C_Salicylate_degradation;Aromatics
sdgD;K00450;C_Salicylate_degradation;Aromatics
styA;K14481;C_Styrene_degradation;Aromatics
styB;K16048;C_Styrene_degradation;Aromatics
styB;K09024;C_Styrene_degradation;Aromatics
styB;K14482;C_Styrene_degradation;Aromatics
styB;K00484;C_Styrene_degradation;Aromatics
tmoA;K18223;C_Toluene_degradation;Aromatics
tmoA;K15760;C_Toluene_degradation;Aromatics
tmoB;K15761;C_Toluene_degradation;Aromatics
tmoC;K05710;C_Toluene_degradation;Aromatics
tmoC;K18087;C_Toluene_degradation;Aromatics
tmoC;K22360;C_Toluene_degradation;Aromatics
tmoC;K15762;C_Toluene_degradation;Aromatics
tmoD;K06866;C_Toluene_degradation;Aromatics
tmoD;K22361;C_Toluene_degradation;Aromatics
tmoD;K15763;C_Toluene_degradation;Aromatics
tmoE;K22358;C_Toluene_degradation;Aromatics
tmoE;K15764;C_Toluene_degradation;Aromatics
tmoF;K00351;C_Toluene_degradation;Aromatics
todA;K18088;C_Toluene_degradation;Aromatics
todA;K00529;C_Toluene_degradation;Aromatics
todA;K18359;C_Toluene_degradation;Aromatics
todA;K18090;C_Toluene_degradation;Aromatics
todB;K18087;C_Toluene_degradation;Aromatics
todB;K16304;C_Toluene_degradation;Aromatics
todB;K14750;C_Toluene_degradation;Aromatics
todB;K18089;C_Toluene_degradation;Aromatics
todB;K05710;C_Toluene_degradation;Aromatics
todB;K00363;C_Toluene_degradation;Aromatics
todD;K08690;C_Toluene_degradation;Aromatics
todD;K16269;C_Toluene_degradation;Aromatics
todE;K00462;C_Toluene_degradation;Aromatics
todE;K16270;C_Toluene_degradation;Aromatics
todF;K15756;C_Toluene_degradation;Aromatics
todF;K10216;C_Toluene_degradation;Aromatics
todF;K10702;C_Toluene_degradation;Aromatics
todF;K18092;C_Toluene_degradation;Aromatics
tomA1;K16243;C_Toluene_degradation;Aromatics
tomA1;K15764;C_Toluene_degradation;Aromatics
tomA2;K16244;C_Toluene_degradation;Aromatics
tomA3;K15760;C_Toluene_degradation;Aromatics
tomA3;K16242;C_Toluene_degradation;Aromatics
tomA4;K16245;C_Toluene_degradation;Aromatics
tomA5;K16246;C_Toluene_degradation;Aromatics
tomA5;K00351;C_Toluene_degradation;Aromatics
tphA1I;K02823;C_Terephthalate_degradation;Aromatics
tphA1I;K18077;C_Terephthalate_degradation;Aromatics
tphA1I;K00523;C_Terephthalate_degradation;Aromatics
tphA1I;K00528;C_Terephthalate_degradation;Aromatics
tphA2I;K18074;C_Terephthalate_degradation;Aromatics
tphA2I;K16319;C_Terephthalate_degradation;Aromatics
tphA3I;K16320;C_Terephthalate_degradation;Aromatics
tphA3I;K18075;C_Terephthalate_degradation;Aromatics
tphA3I;K16303;C_Terephthalate_degradation;Aromatics
tphB;K00097;C_Terephthalate_degradation;Aromatics
tphB;K22024;C_Terephthalate_degradation;Aromatics
tphB;K18076;C_Terephthalate_degradation;Aromatics
xlnE;K00450;C_Gentisate_degradation;Aromatics
xylB;K06898;C_Toluene_degradation;Aromatics
xylB;K06898;C_Dimethylbenzene;Aromatics
xylB;K00055;C_Toluene_degradation;Aromatics
xylB;K00055;C_Dimethylbenzene;Aromatics
xylC;K00141;C_Toluene_degradation;Aromatics
xylC;K00141;C_Dimethylbenzene;Aromatics
xylC;K21802;C_Toluene_degradation;Aromatics
xylC;K21802;C_Dimethylbenzene;Aromatics
xylE;K00446;C_Catechol_degradation;Aromatics
xylF;K10216;C_Catechol_degradation;Aromatics
xylG;K10217;C_Catechol_degradation;Aromatics
xylH;K01821;C_Catechol_degradation;Aromatics
xylI;K01617;C_Catechol_degradation;Aromatics
xylJ;K02554;C_Catechol_degradation;Aromatics
xylJ;K18364;C_Catechol_degradation;Aromatics
xylJ;K01617;C_Catechol_degradation;Aromatics
xylK;K01666;C_Catechol_degradation;Aromatics
xylK;K01649;C_Catechol_degradation;Aromatics
xylL;K05783;C_Benzoate_degradation;Aromatics
xylM;K15757;C_Toluene_degradation;Aromatics
xylM;K15757;C_Dimethylbenzene;Aromatics
xylM;K00496;C_Toluene_degradation;Aromatics
xylM;K00496;C_Dimethylbenzene;Aromatics
xylX;K05549;C_Benzoate_degradation;Aromatics
xylY;K05550;C_Benzoate_degradation;Aromatics
xylZ;K00523;C_Benzoate_degradation;Aromatics
xylZ;K16161;C_Benzoate_degradation;Aromatics
xylZ;K08952;C_Benzoate_degradation;Aromatics
xylZ;K02823;C_Benzoate_degradation;Aromatics
xylZ;K04755;C_Benzoate_degradation;Aromatics
xylZ;K05784;C_Benzoate_degradation;Aromatics
xylZ;K08953;C_Benzoate_degradation;Aromatics
xylZ;K08954;C_Benzoate_degradation;Aromatics
xylZ;K14581;C_Benzoate_degradation;Aromatics
AAW51_2473;K21104;D_PET;Polymers
AAW51_2473;K21104;D_PCL;Polymers
AFUA_4G03560;K03932;D_PET;Polymers
ALC24_4107;K03932;D_PHB;Polymers
AvCA6_03910;K05973;D_PHB;Polymers
AvCA6_03910;K05973;D_PHA;Polymers
BAY15_3292;K17763;D_PVA;Polymers
BSQ33_03270;K27357;D_PET;Polymers
BSQ33_03270;K27357;D_PCL;Polymers
BSQ33_03270;K21104;D_PET;Polymers
BSQ33_03270;K21104;D_PCL;Polymers
bta2;K27357;D_PET;Polymers
bta2;K21104;D_PET;Polymers
chi25;K03791;D_PCL;Polymers
chi25;K01183;D_PCL;Polymers
CLE1;K27358;D_PLA;Polymers
CLE1;K27358;D_PHB;Polymers
CLE1;K27358;D_PBS;Polymers
CLE1;K27358;D_PCL;Polymers
CLE1;K27358;D_PHA;Polymers
CLE1;K05972;D_PLA;Polymers
CLE1;K05972;D_PHB;Polymers
CLE1;K05972;D_PBS;Polymers
CLE1;K05972;D_PCL;Polymers
CLE1;K05972;D_PHA;Polymers
CLOSTHATH_07193;K03929;D_PBAT;Polymers
cut;K27358;D_PBS;Polymers
cut;K27358;D_PCL;Polymers
cut;K27358;D_PPA;Polymers
cut;K27358;D_PET;Polymers
cut;K08095;D_PBS;Polymers
cut;K08095;D_PCL;Polymers
cut;K08095;D_PPA;Polymers
cut;K08095;D_PET;Polymers
cut;K27357;D_PBS;Polymers
cut;K27357;D_PCL;Polymers
cut;K27357;D_PPA;Polymers
cut;K27357;D_PET;Polymers
cut;K21104;D_PBS;Polymers
cut;K21104;D_PCL;Polymers
cut;K21104;D_PPA;Polymers
cut;K21104;D_PET;Polymers
cut_1;K27357;D_PET;Polymers
cut_1;K21104;D_PET;Polymers
cut1;K27358;D_PET;Polymers
cut1;K27358;D_PLA;Polymers
cut1;K27358;D_PMCL;Polymers
cut1;K27357;D_PET;Polymers
cut1;K27357;D_PLA;Polymers
cut1;K27357;D_PMCL;Polymers
cut1;K21104;D_PET;Polymers
cut1;K21104;D_PLA;Polymers
cut1;K21104;D_PMCL;Polymers
cut1;K08095;D_PET;Polymers
cut1;K08095;D_PLA;Polymers
cut1;K08095;D_PMCL;Polymers
cut190;K21104;D_PBS;Polymers
cut190;K21104;D_PBSA;Polymers
cut190;K21104;D_PCL;Polymers
cut190;K21104;D_PLA;Polymers
cut190;K21104;D_PBAT;Polymers
cut190;K21104;D_PET;Polymers
cut190;K21104;D_PHB;Polymers
cut190;K21104;D_PHA;Polymers
cut2;K08095;D_PET;Polymers
cut2;K08095;D_PCL;Polymers
cut2;K08095;D_PLA;Polymers
cut2;K21104;D_PET;Polymers
cut2;K21104;D_PCL;Polymers
cut2;K21104;D_PLA;Polymers
cut2;K27357;D_PET;Polymers
cut2;K27357;D_PCL;Polymers
cut2;K27357;D_PLA;Polymers
cut3;K08095;D_PCL;Polymers
cutA;K27357;D_PCL;Polymers
cutA;K27357;D_PET;Polymers
cutL;K08095;D_PBSA;Polymers
cutL;K08095;D_PBS;Polymers
cutL;K08095;D_PCL;Polymers
cutL;K27358;D_PBSA;Polymers
cutL;K27358;D_PBS;Polymers
cutL;K27358;D_PCL;Polymers
est;K21104;D_PU;Polymers
est;K21104;D_PET;Polymers
est;K21104;D_PBSA;Polymers
est;K21104;D_PCL;Polymers
est;K21104;D_PBAT;Polymers
est;K21104;D_PLA;Polymers
est;K10804;D_PU;Polymers
est;K10804;D_PET;Polymers
est;K10804;D_PBSA;Polymers
est;K10804;D_PCL;Polymers
est;K10804;D_PBAT;Polymers
est;K10804;D_PLA;Polymers
est;K14731;D_PU;Polymers
est;K14731;D_PET;Polymers
est;K14731;D_PBSA;Polymers
est;K14731;D_PCL;Polymers
est;K14731;D_PBAT;Polymers
est;K14731;D_PLA;Polymers
est;K06999;D_PU;Polymers
est;K06999;D_PET;Polymers
est;K06999;D_PBSA;Polymers
est;K06999;D_PCL;Polymers
est;K06999;D_PBAT;Polymers
est;K06999;D_PLA;Polymers
est;K18372;D_PU;Polymers
est;K18372;D_PET;Polymers
est;K18372;D_PBSA;Polymers
est;K18372;D_PCL;Polymers
est;K18372;D_PBAT;Polymers
est;K18372;D_PLA;Polymers
est1;K21104;D_PET;Polymers
est1;K21104;D_PCL;Polymers
est1;K27357;D_PET;Polymers
est1;K27357;D_PCL;Polymers
est2;K21104;D_PCL;Polymers
est2;K27357;D_PCL;Polymers
estA;K01046;D_PBAT;Polymers
estC;K03929;D_PLA;Polymers
estC;K03929;D_PBSA;Polymers
FB4_0780;K01046;D_PBAT;Polymers
fkbU;K03932;D_PHA;Polymers
fkbU;K03932;D_PHB;Polymers
GEN0105;K14731;D_PCL;Polymers
GEN0105;K14731;D_3PET;Polymers
GEN0105;K14731;D_PLA;Polymers
hbd;K00019;D_PHBV;Polymers
hbd;K00019;D_PHA;Polymers
hbd;K00019;D_P3HV;Polymers
HRbin29_00073;K21104;D_PET;Polymers
HRbin29_00073;K27357;D_PET;Polymers
ISF6_0224;K21105;D_PET;Polymers
ISF6_4831;K21104;D_PET;Polymers
lac;K00421;D_LDPE;Polymers
lac;K22552;D_LDPE;Polymers
lac;K05909;D_LDPE;Polymers
latA;K00428;D_NR;Polymers
latA;K23118;D_NR;Polymers
lcp;K23117;D_NR;Polymers
lip;K01046;D_PU;Polymers
lip;K01046;D_PET;Polymers
lip1;K21104;D_PBS;Polymers
lip1;K21104;D_PHA;Polymers
lip1;K21104;D_PU;Polymers
lip1;K21104;D_PLA;Polymers
lip1;K21104;D_PCL;Polymers
lip1;K21104;D_PET;Polymers
lip1;K21104;D_PHB;Polymers
lipA;K03644;D_PET;Polymers
lipA;K03644;D_PCL;Polymers
lipA;K03644;D_PBSA;Polymers
lipA;K01046;D_PET;Polymers
lipA;K01046;D_PCL;Polymers
lipA;K01046;D_PBSA;Polymers
lipB;K03801;D_PET;Polymers
lipIAF5-2;K27357;D_PCL;Polymers
lipIAF5-2;K27357;D_PET;Polymers
mnp1;K20205;D_PE;Polymers
NFA_28320;K01426;D_Nylon;Polymers
nylA;K01426;D_Nylon;Polymers
nylA;K01471;D_Nylon;Polymers
nylB;K01453;D_Nylon;Polymers
nylC;K19963;D_Nylon;Polymers
OA86_11720;K21104;D_PET;Polymers
OA86_11720;K21104;D_PCL;Polymers
OA86_11720;K21104;D_PU;Polymers
PaCLE1;K27358;D_PCL;Polymers
PaCLE1;K27358;D_PBSA;Polymers
PaCLE1;K27358;D_PBS;Polymers
PaCLE1;K05972;D_PCL;Polymers
PaCLE1;K05972;D_PBSA;Polymers
PaCLE1;K05972;D_PBS;Polymers
pbsA;K21104;D_PBS;Polymers
pclh;K21104;D_PCL;Polymers
pDS-PS;K05973;D_PHB;Polymers
pDS-PS;K05973;D_PHA;Polymers
pegA;K00108;D_PEG;Polymers
pegA;K19069;D_PEG;Polymers
pegC;K00128;D_PEG;Polymers
peth;K21104;D_PU;Polymers
peth;K21104;D_PCL;Polymers
peth;K21104;D_PET;Polymers
peth;K27357;D_PU;Polymers
peth;K27357;D_PCL;Polymers
peth;K27357;D_PET;Polymers
phaY2;K22250;D_PHB;Polymers
phaY2;K22250;D_PHA;Polymers
phaY2;K22249;D_PHB;Polymers
phaY2;K22249;D_PHA;Polymers
phaY2;K05973;D_PHB;Polymers
phaY2;K05973;D_PHA;Polymers
phaZ;K05973;D_P4HB;Polymers
phaZ;K05973;D_PEA;Polymers
phaZ;K05973;D_P3HP;Polymers
phaZ;K05973;D_PHBV;Polymers
phaZ;K05973;D_PHO;Polymers
phaZ;K05973;D_PPL;Polymers
phaZ;K05973;D_PHB;Polymers
phaZ;K05973;D_PHA;Polymers
phaZ;K05973;D_PHPV;Polymers
phaZ;K05973;D_PCL;Polymers
phaZ;K05973;D_PES;Polymers
phaZ;K01061;D_P4HB;Polymers
phaZ;K01061;D_PEA;Polymers
phaZ;K01061;D_P3HP;Polymers
phaZ;K01061;D_PHBV;Polymers
phaZ;K01061;D_PHO;Polymers
phaZ;K01061;D_PPL;Polymers
phaZ;K01061;D_PHB;Polymers
phaZ;K01061;D_PHA;Polymers
phaZ;K01061;D_PHPV;Polymers
phaZ;K01061;D_PCL;Polymers
phaZ;K01061;D_PES;Polymers
phaZ;K22249;D_P4HB;Polymers
phaZ;K22249;D_PEA;Polymers
phaZ;K22249;D_P3HP;Polymers
phaZ;K22249;D_PHBV;Polymers
phaZ;K22249;D_PHO;Polymers
phaZ;K22249;D_PPL;Polymers
phaZ;K22249;D_PHB;Polymers
phaZ;K22249;D_PHA;Polymers
phaZ;K22249;D_PHPV;Polymers
phaZ;K22249;D_PCL;Polymers
phaZ;K22249;D_PES;Polymers
phaZ;K03932;D_P4HB;Polymers
phaZ;K03932;D_PEA;Polymers
phaZ;K03932;D_P3HP;Polymers
phaZ;K03932;D_PHBV;Polymers
phaZ;K03932;D_PHO;Polymers
phaZ;K03932;D_PPL;Polymers
phaZ;K03932;D_PHB;Polymers
phaZ;K03932;D_PHA;Polymers
phaZ;K03932;D_PHPV;Polymers
phaZ;K03932;D_PCL;Polymers
phaZ;K03932;D_PES;Polymers
phaZ;K07518;D_P4HB;Polymers
phaZ;K07518;D_PEA;Polymers
phaZ;K07518;D_P3HP;Polymers
phaZ;K07518;D_PHBV;Polymers
phaZ;K07518;D_PHO;Polymers
phaZ;K07518;D_PPL;Polymers
phaZ;K07518;D_PHB;Polymers
phaZ;K07518;D_PHA;Polymers
phaZ;K07518;D_PHPV;Polymers
phaZ;K07518;D_PCL;Polymers
phaZ;K07518;D_PES;Polymers
phaZ;K22250;D_P4HB;Polymers
phaZ;K22250;D_PEA;Polymers
phaZ;K22250;D_P3HP;Polymers
phaZ;K22250;D_PHBV;Polymers
phaZ;K22250;D_PHO;Polymers
phaZ;K22250;D_PPL;Polymers
phaZ;K22250;D_PHB;Polymers
phaZ;K22250;D_PHA;Polymers
phaZ;K22250;D_PHPV;Polymers
phaZ;K22250;D_PCL;Polymers
phaZ;K22250;D_PES;Polymers
phaZ1;K22250;D_PHA;Polymers
phaZ1;K22250;D_PHB;Polymers
phaZ1;K22249;D_PHA;Polymers
phaZ1;K22249;D_PHB;Polymers
phaZ1;K05973;D_PHA;Polymers
phaZ1;K05973;D_PHB;Polymers
phaZ2;K05973;D_PHB;Polymers
phaZ2;K05973;D_PHA;Polymers
phaZ2;K22249;D_PHB;Polymers
phaZ2;K22249;D_PHA;Polymers
phaZ2;K22250;D_PHB;Polymers
phaZ2;K22250;D_PHA;Polymers
phaZ2;K07518;D_PHB;Polymers
phaZ2;K07518;D_PHA;Polymers
phaZ3;K05973;D_PHB;Polymers
phaZ3;K05973;D_PHA;Polymers
phaZ3;K22250;D_PHB;Polymers
phaZ3;K22250;D_PHA;Polymers
phaZ3;K22249;D_PHB;Polymers
phaZ3;K22249;D_PHA;Polymers
phaZ4;K05973;D_PHA;Polymers
phaZ4;K05973;D_PHB;Polymers
phaZ5;K05973;D_PHA;Polymers
phaZ5;K05973;D_PHB;Polymers
phaZ6;K05973;D_PHA;Polymers
phaZ6;K05973;D_PHB;Polymers
phaZ7;K05973;D_PHB;Polymers
phaZ7;K05973;D_PHA;Polymers
phaZbd;K22249;D_PHA;Polymers
phaZCac;K05973;D_PHA;Polymers
phaZCac;K05973;D_PHB;Polymers
phaZCac;K05973;D_PES;Polymers
phaZCac;K05973;D_PEA;Polymers
phaZCac;K05973;D_P4HB;Polymers
phaZCac;K05973;D_P3HP;Polymers
phaZd;K05973;D_PHB;Polymers
phaZd;K05973;D_PHA;Polymers
phaZd;K05973;D_PHBV;Polymers
phaZPfu;K03932;D_PHA;Polymers
phaZPfu;K03932;D_PHB;Polymers
phaZpst;K03932;D_PEA;Polymers
phaZpst;K03932;D_PHB;Polymers
phaZpst;K03932;D_P3HP;Polymers
phaZpst;K03932;D_PES;Polymers
phaZpst;K03932;D_P4HB;Polymers
plaA;K01046;D_PLA;Polymers
PLAase2;K01416;D_PCL;Polymers
PLAase3;K18546;D_PLA;Polymers
plaM4;K01046;D_PBS;Polymers
plaM4;K01046;D_PES;Polymers
plaM4;K01046;D_PHA;Polymers
plaM4;K01046;D_PBSA;Polymers
plaM4;K01046;D_PCL;Polymers
plaM4;K01046;D_PHB;Polymers
plaM4;K01046;D_PLA;Polymers
plaM5;K01046;D_PLA;Polymers
pnbA;K03929;D_PET;Polymers
pudA;K03929;D_PU;Polymers
pulA;K01200;D_PU;Polymers
pvaA;K05889;D_PVA;Polymers
roxA;K22690;D_NR;Polymers
roxB;K23118;D_NR;Polymers
RPA1511;K06049;D_PCL;Polymers
RPA1511;K06049;D_PBSA;Polymers
RPA1511;K06049;D_PLA;Polymers
Rru_A1969;K03932;D_PHA;Polymers
Rru_A1969;K03932;D_PHB;Polymers
SAMN04487908_10753;K21104;D_PCL;Polymers
SAMN04487908_10753;K21104;D_PU;Polymers
SUBB_LEDLE;K01342;D_PLA;Polymers
subC;K13277;D_PLA;Polymers
subC;K01342;D_PLA;Polymers
SUBS_LEDLE;K01342;D_PLA;Polymers
Tcur_0390;K21104;D_PCL;Polymers
Tcur_0390;K21104;D_PET;Polymers
Tcur_1278;K21104;D_PET;Polymers
WG66_16246;K08095;D_PES;Polymers
WG66_16246;K08095;D_PET;Polymers
WG66_16246;K08095;D_PCL;Polymers
WG66_16246;K27308;D_PES;Polymers
WG66_16246;K27308;D_PET;Polymers
WG66_16246;K27308;D_PCL;Polymers
amsY;K15659;E_Amphisin;Biosurfactant
arfA;K15658;E_Arthrofactin;Biosurfactant
arfB;K15659;E_Arthrofactin;Biosurfactant
arfC;K15660;E_Arthrofactin;Biosurfactant
at;K00661;E_Sophorolipids;Biosurfactant
at;K00633;E_Sophorolipids;Biosurfactant
emt1;K05841;E_Mannosylerythritol_lipids_MEL;Biosurfactant
ffp;K06133;E_Fengacyn;Biosurfactant
ituA;K15661;E_Iturin;Biosurfactant
ituB;K15663;E_Iturin;Biosurfactant
ituB;K15662;E_Iturin;Biosurfactant
ituC;K15662;E_Iturin;Biosurfactant
ituC;K15663;E_Iturin;Biosurfactant
ituD;K00645;E_Iturin;Biosurfactant
ituD;K15327;E_Iturin;Biosurfactant
ituD;K15329;E_Iturin;Biosurfactant
mycA;K15661;E_Mycosubtilin;Biosurfactant
mycB;K15662;E_Mycosubtilin;Biosurfactant
mycB;K15663;E_Mycosubtilin;Biosurfactant
mycC;K15662;E_Mycosubtilin;Biosurfactant
mycC;K15663;E_Mycosubtilin;Biosurfactant
ppsA;K15666;E_Plipastatin;Biosurfactant
ppsA;K15667;E_Plipastatin;Biosurfactant
ppsA;K15664;E_Plipastatin;Biosurfactant
ppsB;K15665;E_Plipastatin;Biosurfactant
ppsC;K15667;E_Plipastatin;Biosurfactant
ppsC;K15664;E_Plipastatin;Biosurfactant
ppsC;K15666;E_Plipastatin;Biosurfactant
ppsD;K15667;E_Plipastatin;Biosurfactant
ppsD;K15664;E_Plipastatin;Biosurfactant
ppsD;K15666;E_Plipastatin;Biosurfactant
ppsE;K02364;E_Plipastatin;Biosurfactant
ppsE;K15656;E_Plipastatin;Biosurfactant
ppsE;K15668;E_Plipastatin;Biosurfactant
pswP;K11062;E_Serrawetin;Biosurfactant
rhlA;K18100;E_Rhamnolipids;Biosurfactant
rhlC;K12990;E_Rhamnolipids;Biosurfactant
rhlR;K07782;E_Rhamnolipids;Biosurfactant
rhlR;K19734;E_Rhamnolipids;Biosurfactant
rhlR;K15852;E_Rhamnolipids;Biosurfactant
rhlR;K18099;E_Rhamnolipids;Biosurfactant
sfp;K06133;E_Surfactin;Biosurfactant
srfAA;K15654;E_Surfactin;Biosurfactant
srfAA;K15655;E_Surfactin;Biosurfactant
srfAA;K16119;E_Surfactin;Biosurfactant
srfAB;K15654;E_Surfactin;Biosurfactant
srfAB;K15655;E_Surfactin;Biosurfactant
srfAB;K16120;E_Surfactin;Biosurfactant
wzb;K01104;E_Emulsan;Biosurfactant
wzb;K20945;E_Emulsan;Biosurfactant
wzb;K25307;E_Emulsan;Biosurfactant
wzc;K16692;E_Emulsan;Biosurfactant
